pubdate,summary,building,floor,rooms,startdate,enddate,starttime,endtime,keywords,bullets,fulltext,link
03/07/24,Interruption of elevators #4 and #5 ,SP,[],[],2024-03-11,2024-03-12,06:00,15:00,"['elevator', 'begin', 'building']",[],"
To the users and occupants of the SP Building,
A planned interruption of the SP Building elevators is SCHEDULED to begin on Monday, 2024-03-11 until Tuesday, 2024-03-12, and from Thursday, 2024-03-14 until Friday, 2024-03-15, between the hours of 06:00 and 15:00. The company TKE will be installing protective machine guards and cabin bodyguards in the elevators one at a time. The work is expected to be completed on Friday, 2024-03-15, by the end of day.
Building
●        L- SP / Richard J. Renaud Science Complex
General Information
●        Occupants of the building will not be affected by the work.
●        Elevators #1, #2 and #3 will remain operational at all times.
●        Elevator #4 will not be accessible to the public on March 11 and 12.
●        Elevator #5 will not be accessible to the public on March 14 and 15.
We thank you for your understanding.
Project Management
Facilities Management
",http://www.concordia.ca/content/shared/en/news/offices/vpss/facilities/2024/03/07/Interruption.html
03/07/24,Temporary closure of basement 1 corridor ,FB/ FG,[],['A-190.90'],2024-03-14,2024-04-14,05:00,23:00,"['begin', 'building', 'corridor', 'closure', 'noisy', 'ground floor']",['S- FG / Faubourg'],"
To the users and occupants of the FG and FB Buildings,
A planned temporary closure of the FB-FG basement 1 corridor A-190.90 is SCHEDULED to begin on Thursday, 2024-03-14 at 05:00 until Sunday,  2024-04-14 at 23:00.
The repairs requiring the temporary closure of this basement corridor will last for one month. Public circulation will be redirected through the ground floor during this time.
Building(s)

S- FB / Faubourg Tower
S- FG / Faubourg

General Information
●       Occupants of the FB and FG buildings will not be affected by the work
●       Any noisy work will be conducted between the hours of 22:00 and 08:00
●       Signage will redirect public circulation to nearby escalators and elevators to the ground floor
We thank you for your understanding.
Project Management
Facilities Management
",http://www.concordia.ca/content/shared/en/news/offices/vpss/facilities/2024/03/07/closure.html
03/07/24,Exploratory openings of washroom ceilings to be continued ,H,[],"['H804', 'H1192', 'H1104', 'H1486', 'H109', 'H053', 'H1192', 'H1104']",2024-03-04,2024-03-11,06:00,14:00,"['commence', 'building', 'closed']",[],"
To the users and occupants of the Hall Builiding,
The continuation of exploratory openings of washroom ceilings that commenced and was SCHEDULED on Monday, 2024-03-04, will continue next week Monday, 2024-03-11 between the hours of 06:00 and 14:00. Exploratory openings of washroom ceilings are required to allow the professionals to complete surveys in the future for project 22-064 .
Building(s)

S- H / Henry F. Hall Building

General Information
●       All Public washrooms in the Hall are now fully reopened.
●       H804, H1192, H1104 are now fully reopened.
●       H1486, H109 and H053, H1192 and H1104 will be closed from March 8th 2024 to March 11th 2024.  
We thank you for your understanding.
Project Management
Facilities Management
",http://www.concordia.ca/content/shared/en/news/offices/vpss/facilities/2024/03/07/exploratory.html
03/11/24,Parking closure level S2 to S7 ,FB,"['S2', 'S7']",[],2024-03-14,2024-03-15,17:00,06:00,"['parking', 'building', 'closed']","['Levels S2 to S7 parking', 'Parking areas will be closed during this period.', 'A slight odour is possible.', None]","
To the users and occupants of the FB Building,

Painting work is SCHEDULED to take place from Thursday, 2024-03-14 until Friday, 2024-03-15, between the hours of 17:00 and 06:00.
 
Building

S- FB / Faubourg Tower
Levels S2 to S7 parking

 
General Information

Parking areas will be closed during this period.
A slight odour is possible.
This work has been coordinated with parking services.



We thank you for your understanding.
Project Management
Facilities Management
",http://www.concordia.ca/content/shared/en/news/offices/vpss/facilities/2024/03/11/Paint.html
03/12/24,Building closure due to domestic water supply interruption ,VA,[],[],2024-03-29,2024-03-30,06:00,17:00,"['building', 'closure']",[],"
To the users and occupants of the VA Building,
A planned interruption of the domestic water supply is SCHEDULED from Friday,  2024-03-29 at 06:00 to Saturday, 2024-03-30 at 17:00.  Corrective maintenance is required in order to replace the domestic water booster pump.
 Buildings
●       S- VA / Visual Arts Building
General Information
●       All domestic water will be interrupted.
●       This interruption will require building closure because of lack of sanitary installation onsite.      
We thank you for your understanding.
Project Management
Facilities Management
",http://www.concordia.ca/content/shared/en/news/offices/vpss/facilities/2024/03/12/closure.html
03/14/24,Domestic water supply interruption ,VA,[],[],2024-03-29,2024-03-30,06:00,17:00,['building'],[],"
To the users and occupants of the VA Building,

A planned interruption of the domestic water supply is SCHEDULED from Friday, 2024-03-29 at 06:00 to Saturday, 2024-03-30 at 17:00.  Corrective maintenance is required in order to replace the domestic water booster pump.
 Building
●       S- VA / Visual Arts Building
 
General Information
●       All domestic water will be interrupted.
●       Bottled water is readily available in the above building, but washrooms will be out of order for the duration of the work.    

We thank you for your understanding.
 
Project Management
Facilities Management  
 
",http://www.concordia.ca/content/shared/en/news/offices/vpss/facilities/2024/03/140/Water.html
03/14/24,Temporary closure of basement 1 corridor ,FB/ FG,[],['A-190.90'],2024-03-14,2024-04-14,05:00,23:00,"['begin', 'building', 'corridor', 'closure', 'noisy', 'ground floor']",[' S- FG / Faubourg'],"
To the users and occupants of the FB / FG Buildings,
A planned temporary closure of the FB-FG basement 1 corridor A-190.90 is SCHEDULED to begin on Thursday, 2024-03-14 at 05:00 until Sunday,  2024-04-14 at 23:00.
The repairs requiring the temporary closure of this basement corridor will last for one month. Public circulation will be redirected through the ground floor during this time.
Building(s)

S- FB / Faubourg Tower
 S- FG / Faubourg

General Information
●       Occupants of the FB and FG buildings will not be affected by the work
●       Any noisy work will be conducted between the hours of 22:00 and 08:00
●       Signage will redirect public circulation to nearby escalators and elevators to the ground floor
We thank you for your understanding.
Project Management
Facilities Management
",http://www.concordia.ca/content/shared/en/news/offices/vpss/facilities/2024/03/14/closure.html
03/18/24,: Domestic water Interruption ,FB,[],[],2024-03-25,2024-03-28,06:00,08:00,"['building', 'out of service']","[None, 'S- EV / Engr, Comp. Sci. & Visual Arts Complex\xa0\xa0\xa0\xa0 \xa0\xa0 (March 26)', 'S- GM / Guy Metro Building\xa0\xa0\xa0\xa0\xa0\xa0\xa0\xa0\xa0\xa0\xa0\xa0\xa0\xa0\xa0\xa0\xa0\xa0\xa0\xa0\xa0\xa0\xa0\xa0\xa0\xa0\xa0\xa0\xa0\xa0\xa0\xa0\xa0\xa0\xa0\xa0\xa0\xa0\xa0 (March 26)', 'S- GN / Grey Nuns Motherhouse\xa0\xa0\xa0\xa0\xa0\xa0\xa0\xa0\xa0\xa0\xa0\xa0\xa0\xa0\xa0\xa0\xa0\xa0\xa0\xa0\xa0\xa0\xa0\xa0\xa0\xa0\xa0\xa0\xa0\xa0\xa0 (March 27)', 'S- MB / John Molson School of Business\xa0\xa0\xa0\xa0\xa0\xa0\xa0\xa0\xa0\xa0\xa0\xa0\xa0\xa0 \xa0 \xa0\xa0 (March 27)', 'S- VA / Visual Arts Building\xa0\xa0\xa0\xa0\xa0\xa0\xa0\xa0\xa0\xa0\xa0\xa0\xa0\xa0\xa0\xa0\xa0\xa0\xa0\xa0\xa0\xa0\xa0\xa0\xa0\xa0\xa0\xa0\xa0\xa0\xa0\xa0\xa0\xa0\xa0\xa0\xa0\xa0\xa0 \xa0 (March 28)', 'S- FB / Faubourg Tower\xa0\xa0\xa0\xa0\xa0\xa0\xa0\xa0\xa0\xa0\xa0\xa0\xa0\xa0\xa0\xa0\xa0\xa0\xa0\xa0\xa0\xa0\xa0\xa0\xa0\xa0\xa0\xa0\xa0\xa0\xa0\xa0\xa0\xa0\xa0\xa0\xa0\xa0\xa0\xa0\xa0\xa0\xa0\xa0\xa0 (March 28)', 'Domestic hot and cold water will be out of service', 'Toilets, water fountains and eye-wash stations will be out of service']","
To the users and occupants of the H, LB, EV, GM, GN, MB, VA, and FB Buildings,
A series of planned domestic hot and cold water interruptions will be SCHEDULED from Monday, 2024-03-25 until Thursday, 2024-03-28.  The closing of the main water inlet valve is required for corrective maintenance and to ensure reliability of the system . Interruption will last for approximately 30 minutes between the hours of 06:00 and 08:00 for each building on the dates indicated below.
Building(s)

S- H / Henry F. Hall Building                                        (March 25)
S- LB / Webster Library Building                                 (March 25)
S- EV / Engr, Comp. Sci. & Visual Arts Complex        (March 26)
S- GM / Guy Metro Building                                        (March 26)
S- GN / Grey Nuns Motherhouse                                (March 27)
S- MB / John Molson School of Business                    (March 27)
S- VA / Visual Arts Building                                          (March 28)
S- FB / Faubourg Tower                                              (March 28)

General Information

Domestic hot and cold water will be out of service
Toilets, water fountains and eye-wash stations will be out of service

We thank you for your understanding.
Property Management
Facilities Management
",http://www.concordia.ca/content/shared/en/news/offices/vpss/facilities/2024/03/18/interruption.html
03/19/24,Elevator #2 interruption ,H,[],[],2024-03-20,,08:00,17:00,"['elevator', 'building']","['ELEVATOR 1 will remain in service.', None]","
To the users and occupants of the Hall Building,
A Planned interruption of the Elevator #2 is SCHEDULED for Wednesday, 2024-03-20, between the hours 08:00 and 17:00. Corrective Maintenance is required.
 
Building

S- H / Henry F. Hall Building
 

General Information

ELEVATOR 1 will remain in service.
Please use other elevators, stairs, or escalators to access floors.
 

We thank you for your understanding.
  Property Management
   Facilities Management
",http://www.concordia.ca/content/shared/en/news/offices/vpss/facilities/2024/03/19/Elevator.html
03/20/24,Elevator #2 interruption ,H,[],[],2024-03-20,,08:00,17:00,"['elevator', 'building']","['ELEVATOR 1 will remain in service.', None]","
To the users and occupants of the Hall Building,
A Planned interruption of the Elevator #2 is SCHEDULED for Wednesday, 2024-03-20, between the hours 08:00 and 17:00 has been CANCELLED and will be rescheduled at a later date.
 
Building

S- H / Henry F. Hall Building
 

General Information

ELEVATOR 1 will remain in service.
Please use other elevators, stairs, or escalators to access floors.
 

We thank you for your understanding.
  Property Management
   Facilities Management
",http://www.concordia.ca/content/shared/en/news/offices/vpss/facilities/2024/03/20/Interruption.html
03/21/24,Elevator #1 interruption ,H,[],[],2024-03-26,,08:00,17:00,"['elevator', 'building']",[],"
To the users and occupants of the Hall Building,

A Planned interruption of the Elevator #1 which services floors 00 to 12 is SCHEDULED for Tuesday, 2024-03-26, between the hours 08:00 and 17:00. Corrective Maintenance is required.

Building
        • S- H / Henry F. Hall Building

General Information

        • Elevator #2 will remain in service, with access to RC to 12.
        • Please use other elevator, stairs, or escalators to access floors.
 
We thank you for your understanding.
Property Management
Facilities Management
",http://www.concordia.ca/content/shared/en/news/offices/vpss/facilities/2024/03/21/elevator.html
03/21/24,Domestic water supply interruption ,VA,[],[],2024-03-29,2024-03-30,17:00,,"['building', 'closure']",[],"
To the users and occupants of the VA Building,
A planned interruption of the domestic water supply is SCHEDULED from Friday,  2024-03-29 at 6:00 to Saturday 2024-03-30 at 17:00.  Corrective maintenance is required in order to replace the domestic water booster pump.
Building
●       S- VA / Visual Arts Building
 
General Information
●       All domestic water will be interrupted.
●       This interruption will require building closure because of lack of sanitary installation onsite. 
 
We thank you for your understanding.
 
Project Management
Facilities Management 

",http://www.concordia.ca/content/shared/en/news/offices/vpss/facilities/2024/03/21/Water.html
03/21/24,Interruption of elevators and escalators for annual fire safety system inspection ,H,[],[],2024-03-25,,08:00,17:00,"['elevator', 'escalator', 'building']",[],"
To the users and occupants of the Hall Building,

Planned interruptions of the S-H elevators and escalators are SCHEDULED for Monday, 2024-03-25, between the hours of 08:00 and 17:00.
Annual inspections are required on all units to ensure the fire safety systems are functional and up to code .
Building(s)

S- H / Henry F. Hall Building

General Information
●       Temporary shutdown of individual elevator and escalator units during the day.
●       Only one unit will be shut down at a time, with the exception of any unforeseen circumstances.
●       Please use other elevators, escalators or stairs to access floors during the interruptions.
We thank you for your understanding.
Property Management
Facilities Management
",http://www.concordia.ca/content/shared/en/news/offices/vpss/facilities/2024/03/21/interruption.html
03/22/24,Construction project on stairs ,CJ,[],[],2024-03-25,2024-03-27,16:00,,"['begin', 'building', 'out of service']",[],"
To the users and occupants of the CJ Building,

A planned renovation of the 1ST and 2ND floor stairs in the CJ Building is SCHEDULED to begin on Monday, 2024-03-25 at 16:00 until the evening of Wednesday, 2024-03-27.

Building
        • L- CJ / Comms. & Journalism Building

General Information
        • The targeted stairs will be out of service during the renovation.
        • Access to other floors will be possible via adjacent stairs and elevators.
        • The odour of paint may be possible.


We thank you for your understanding.
Project Management
Facilities Management
 
",http://www.concordia.ca/content/shared/en/news/offices/vpss/facilities/2024/03/22/renovation.html
03/22/24,Shutdown of cold water in west washrooms from H4 to H12 ,H,"['H4', 'H12', 'H7']","['H510', 'H702', 'H704', 'H810', 'H910', 'H1010', 'H1110', 'H121', 'H412', 'H406', 'H606']",2024-03-26,,06:00,08:00,"['building', 'closed', 'west']","[None, None]","
 
To the users and occupants of the Hall Building,
A Planned interruption of the cold water in west washrooms (H4 to H12) of the Hall Building  is SCHEDULED for Tuesday, 2024-03-26, between the hours 06:00 and 08:00. An assessment
is required to verify the impacts of our upcoming shutdown to make changes in the H7 washroom for project 22-062.
 
Building

S- H / Henry F. Hall Building
 

General Information

        Men’s Washrooms H510, H702, H704, H810, H910, H1010, H1110, H121 and inclusive washroom H412 will be closed for the shutdown.
        Washrooms H406, H606 will remain open during the interruption for all users.
 

We thank you for your understanding.
Project Management
Facilities Management
 
 
",http://www.concordia.ca/content/shared/en/news/offices/vpss/facilities/2024/03/22/Shutdown.html
03/22/24,Construction project to renovate H0014 washroom to begin ,H,['H00'],"['H0014', 'H0014', 'H0072', 'H0024', 'H0076']",2024-03-25,,06:00,16:00,"['begin', 'building', 'closed']",[],"
To the users and occupants of the Hall Building,
A construction project to renovate washroom H0014 into a next generation inclusive washroom is SCHEDULED to begin on Monday, 2024-03-25.  Construction activities will typically occur from Monday to Friday, between the hours of 06:00 and 16:00. This project “22-063, ""Renovate Washrooms H00"" is anticipated to be completed by the end of November 2024.
Building(s)

S- H / Henry F. Hall Building

General Information
●        The washroom H0014 will remain closed from March 25th 2024 to Fall 2024.
●        The room H0072 will be closed from May 2024 to June 2024 inclusively.
●        The work in H0024 and H0076 will be punctual and will be coordinated in advance with the users.
●        Redirectional and construction signage will be posted for all rooms affected.
●        All disruptive work is to be conducted off hours and coordinated in advance with impacted users.
We thank you for your understanding.
Project Management
Facilities Management

",http://www.concordia.ca/content/shared/en/news/offices/vpss/facilities/2024/03/22/construction.html
03/28/24,Construction to begin in H00 corridors north sector ,H,['H00'],"['H0029', 'H0025', 'H0027']",2024-04-02,,,,"['begin', 'building', 'corridor', 'north']",[],"
A construction project in the Hall Building is SCHEDULED to begin on Tuesday, 2024-04-02. This project will decontaminate the north sector of the H00 corridors and is expected to be completed by June 2024.
Building(s)

S- H / Henry F. Hall Building

General Information
●       The room H0029 will not be accessible till the end of construction.
●       Rooms H0025, H0027 will be accessible using alternate paths. Redirectional and emergency signage will be posted to indicate path of access.
●       This construction is related to project 18-072 LOT 2 (phase 3). 
We thank you for your understanding.
Project Management
Facilities Management

",http://www.concordia.ca/content/shared/en/news/offices/vpss/facilities/2024/03/28/construction.html
03/28/24,Elevator # 7 ,EV,[],[],2024-03-28,2024-04-03,,,"['elevator', 'start', 'building', 'west']",[None],"
To the users and occupants of the EV Building,
An Unplanned interruption of the EV ELEV 7 (freight)  is UNDERWAY starting for Thursday, 2024-03-28, until approximately Wednesday, 2024-04-03. Corrective maintenance is required.
Building

S- EV / Engr, Comp. Sci. & Visual Arts Complex

General Information

 Please use westside freight (ELEV 6) For freight transport.
 

We thank you for your understanding.
Property Management
Facilities Management
",http://www.concordia.ca/content/shared/en/news/offices/vpss/facilities/2024/03/28/Interruption.html
02/20/24,Escalator interruption 2 from 1 to S2 ,EV,['S2'],[],2024-02-19,2024-02-26,,,"['escalator', 'building']",['\xa0 Please use the stairs or elevators for access.'],"
 
To the users and occupants of the EV Building,

An Unplanned interruption of the S-EV Escalator 2 from 1 to S2  is currently UNDERWAY from Monday, 2024-02-19 until Monday, 2024-02-26. Corrective maintenance is required to ensure that the escalator is working at optimal performance.
Building

S- EV / Engr, Comp. Sci. & Visual Arts Complex

General Information

  Please use the stairs or elevators for access.

We thank you for your understanding.

Project Management
Facilities Management
",http://www.concordia.ca/content/shared/en/news/offices/vpss/facilities/2024/02/20/Escalator.html
02/16/24,Commencement of the construction project to replace roof ,CJ,[],[],2024-02-20,,07:00,16:00,"['begin', 'terrace', 'roof', 'building', 'entrance', 'exterior', 'closed', 'noise', 'east', 'west']",[],"
To the users and occupants of the CJ Building,
The construction project 23-010,  CJ Roof Repair, work will be conducted on the terrace of the CJ building. It is scheduled to begin on Tuesday, 2024-02-20. We anticipate project completion by the end of February 2024, although this timeline is subject to weather conditions. Construction activities for the exterior work will typically occur between the hours of 07:00 and 16:00.
Building

L- CJ / Comms. & Journalism Building.

General Information
●        All repair activities will be conducted on the building's exterior on the terrace.
●        The terrace area will be closed entirely to ensure public safety.
●        Two entrances to the terrace, the east and center doors, will be temporarily closed, with only the west door remaining open for exterior access to the building.
●        Access to the HIVE cafe will be maintained through the designated west side door.
●        Signs will be posted on the doors for users' safety and guidance.
●        In case of minor internal repairs or access, we will coordinate with building occupants to schedule these activities at convenient times, minimizing disruption.
●        While most work is at the exterior, occasional construction noise will be heard.
We thank you for your understanding,

Project Management
Facilities Management
",http://www.concordia.ca/content/shared/en/news/offices/vpss/facilities/2024/02/16/Construction.html
02/13/24,Roof Renovation ,SB,[],[],2024-02-14,2024-02-23,07:00,17:00,"['roof', 'building', 'noisy']","['The schedule is weather dependent and dates may be extended, as required', 'Investigative flood tests will be conducted after the work', 'There will be some noisy work that may affect the daily activities of the building occupants', 'The users of the building will be given access at all times']","
To the users and occupants of the SB Building,
A planned renovation of one of the SB roof basins is SCHEDULED to continue Wednesday, 2024-02-14 until Friday, 2024-02-23 between the hours of 07:00 and 17:00, weather permitting. 
Building

S- SB / Samuel Bronfman Building

General Information

The schedule is weather dependent and dates may be extended, as required
Investigative flood tests will be conducted after the work
There will be some noisy work that may affect the daily activities of the building occupants
The users of the building will be given access at all times

We thank you for your understanding.
Project Management
Facilities Management
",http://www.concordia.ca/content/shared/en/news/offices/vpss/facilities/2024/02/13/renovation.html
02/12/24,Interruption of electrical panel ,H,[],"['H0019', 'H0023']",2024-02-15,,06:45,08:00,"['building', 'loading dock']",[],"
To the users and occupants of the Hall Building,

A planned interruption of the 600V electrical panel (MCC-SBA) inside H0019  is SCHEDULED for Thursday, 2024-02-15, between the hours of 06:45 and 08:00. This interruption is required to allow the contractor to plug an extension cord for project 22-062 .
Building(s)

S- H / Henry F. Hall Building

General Information
●       The crane and Monorail in the H0023 and loading dock will be offline during this interruption.
We thank you for your understanding.
Project Management
Facilities Management
",http://www.concordia.ca/content/shared/en/news/offices/vpss/facilities/2024/02/12/interruption0.html
02/12/24,Sprinklers and fire prevention system interruption in H7 ,H,['H7'],"['H702', 'H704']",2024-02-14,,07:00,14:00,"['start', 'building']",[],"
To the users and the occupants of the Hall Building,
A planned interruption of the sprinkler and fire prevention system  is SCHEDULED for Wednesday, 2024-02-14, between the hours of 07:00 and 14:00. This interruption is required for the modification of the sprinkler line as part of project 22-062.
Building(s)

S- H / Henry F. Hall Building

General Information
●       The sprinklers in H7 will be shutdown for the period above.
●       Work will be carried only on the sprinklers inside H702 and H704 washrooms.
●       Restart and refill of sprinkler lines to be done the same day at around 14:00.
We thank you for your understanding.
Project Management
Facilities Management
",http://www.concordia.ca/content/shared/en/news/offices/vpss/facilities/2024/02/12/interruption.html
02/12/24,Elevator Interruption ,CJ,[],[],2024-02-13,2024-02-14,,,"['elevator', 'begin', 'building']",[],"
To the users and occupants of the SP & CJ Building,
A planned interruption of the elevators in the SP and CJ Buildings is SCHEDULED to begin on Tuesday, 2024-02-13. The company TKE will be installing protective machine guards in the elevators one at a time. The work on all elevators is expected to be completed by Wednesday, 2024-02-14, by the end of day.
Buildings
●        L- SP / Richard J. Renaud Science Complex
●        L- CJ / Comms. & Journalism Building


General Information
●        Occupants of the buildings will not be affected by the work.
●        In the SP building, the 4 elevators will always remain operational while the installations are being completed.
●        In the CJ building, 1 elevator will always remain operational while the installations are being completed.


We thank you for your understanding,


Project Management
Facilities Management
",http://www.concordia.ca/content/shared/en/news/offices/vpss/facilities/2024/02/12/Electrical.html
02/08/24,Elevator Interruption ,GM,[],[],2024-02-12,2024-02-12,07:00,16:00,"['elevator', 'building', 'out of service', 'lobby']",[],"
To the users and occupants of the GM Building,
A planned interruption of the elevators in the GM building is SCHEDULED on Monday, 2024-02-12, between the hours of 07:00 and 16:00. The company TKE will be installing additional protective machine guards in the elevators one at a time. The work is expected to be completed the same day 2024-02-12.
Building
●       S- GM / Guy Metro Building
General Information
●       Occupants of the building will not be affected by the work.
●       3 lobby elevators will always remain operational while the installations are being completed.
●       GM garage elevator will be out of service for about 1 hour.
We thank you for your understanding,
Project Management
Facilities Management
",http://www.concordia.ca/content/shared/en/news/offices/vpss/facilities/2024/02/08/gm-building--elevator-interruption---february-12--07-00---16-00-.html
02/08/24,Construction project ,FB,['FB-5'],[],2024-02-16,,,,"['begin', 'building', 'corridor']","['\xa0 \xa0\xa0 The\xa0project will be done in 6 different phases.', '\xa0\xa0\xa0\xa0 Loud or disruptive work will be planned to take place outside of regular work hours.', '\xa0\xa0\xa0\xa0 When needed, service interruptions and work executed in spaces outside of the project area will be coordinated with users to limit disruptions.']","
To the users and occupants of the FB Building,
A construction project in FB-5 is set to begin on Friday, 2024-02-16. This project includes a refresh of the finishes inside the offices as well as the common corridors.  
Building

    S- FB / Faubourg Tower

General Information

     The project will be done in 6 different phases.
     Loud or disruptive work will be planned to take place outside of regular work hours.
     When needed, service interruptions and work executed in spaces outside of the project area will be coordinated with users to limit disruptions.

We thank you for your understanding.
Project Management
Facilities Management
 
 
",http://www.concordia.ca/content/shared/en/news/offices/vpss/facilities/2024/02/08/Construction.html
02/08/24,Elevator Interruption ,CJ,[],[],2024-02-14,2024-02-15,,,"['elevator', 'begin', 'building']",[],"
To the users and occupants of the SP & CJ Buildings,
A planned interruption of the elevators in the SP & CJ Buildings is SCHEDULED to begin on Wednesday, 2024-02-14. The company TKE will be installing protective machine guards in the elevators one at a time. The work on all elevators is expected to be completed by Thursday, 2024-02-15, by the end of day.

Buildings
 
                ●        L- SP / Richard J. Renaud Science Complex
                ●        L- CJ / Comms. & Journalism Building
 
General Information
  
                ●        Occupants of the buildings will not be affected by the work.
                ●        In the SP building, the 4 elevators will always remain operational                                    while the installations are being completed.
                ●        In the CJ building, 1 elevator will always remain operational while the                            installations are being completed.


We thank you for your understanding.
Project Management
Facilities Management
",http://www.concordia.ca/content/shared/en/news/offices/vpss/facilities/2024/02/08/elevator.html
02/07/24, Elevator #6 ,EV,[],[],2024-02-07,2024-02-19,,,"['elevator', 'building', 'freight elevator', 'west']",[],"
To the users and occupants of the EV Building,
An unplanned interruption of ELEVATOR #6 (Freight elevator/west side) is UNDERWAY from Wednesday, 2024-02-07, until Monday, 2024-02-19. Corrective maintenance is required.
Building(s)

S- EV / Engr, Comp. Sci. & Visual Arts Complex

We thank you for your understanding.
Property Management
Facilities Management
 
 
",http://www.concordia.ca/content/shared/en/news/offices/vpss/facilities/2024/02/07/elevator.html
01/25/24,Interruption of the ventilation system ,H,"['H00', 'H1']","['H007', 'H009', 'H0011', 'H0011', 'H0013', 'H0015', 'H0020', 'H0021', 'H0023', 'H0024', 'H0076', 'H021', 'H115.']",2024-01-29,2024-01-30,19:00,07:30,['building'],[],"
To the users and occupants of the Hall Building,
A Planned interruption of the ventilation system is SCHEDULED to occur on Monday, 2024-01-29 to Tuesday, 2024-01-30 from 19:00 to 07:30 and again on Tuesday, 2024-01-30 to Wednesday, 2024-01-31 between the hours of 19:00 and 07:30. Repairs are required to connect temporary ducts as part of project 18-072 Lot 2.
Building
●        S-H / Henry F. Hall Building.  

General Information
●        The interruption will affect the following rooms located on the H00 Level and H1 Level: H007, H009, H0011-1, H0011-2, H0013, H0015, H0020, H0021, H0023, H0024, H0076, H021, H115.    
We thank you for your understanding,

Project Management
Facilities Management
 
                  
 
",http://www.concordia.ca/content/shared/en/news/offices/vpss/facilities/2024/01/25/Interruption.html
01/22/24,Elevator Interruption ,SP,[],[],2024-01-29,2024-02-07,,,"['elevator', 'begin', 'building']",[],"
To the users and occupants of the SP Building,
A planned interruption of the elevators in the SP Building is SCHEDULED to begin on Monday, 2024-01-29. The company TKE will be installing protective machine guards in the elevators one at a time. The work on all 5 elevators is expected to be completed on Friday, 2024-02-07, by the end of day.
Building
●        L- SP / Richard J. Renaud Science Complex
General Information
●        Occupants of the building will not be affected by the work.
●        4 elevators will always remain operational while the installations are being completed.
We thank you for your understanding,

Project Management
Facilities Management
 
 
",http://www.concordia.ca/content/shared/en/news/offices/vpss/facilities/2024/01/22/Elevator.html
01/15/24,Elevator Interruption ,SP,[],[],2024-01-29,2024-02-02,,,"['elevator', 'begin', 'building']",[],"
To the users and occupants of the SP Building,

A planned interruption of the elevators in the SP Building is SCHEDULED to begin on Monday, 2024-01-29. The company TKE will be installing protective machine guards in the elevators one at a time. The work on all 5 elevators is expected to be completed on Friday, 2024-02-02, by the end of day.
 
Building
  
        ●        L- SP / Richard J. Renaud Science Complex
 
General Information
  
        ●        Occupants of the building will not be affected by the work.
        ●        4 elevators will always remain operational while the installations are being                     completed.
 
We thank you for your understanding.

Project Management
Facilities Management
",http://www.concordia.ca/content/shared/en/news/offices/vpss/facilities/2024/01/15/elevator.html
02/06/24,Interruption of the main ventilation system ,AD,[],[],2024-02-08,,07:00,09:00,['building'],[],"
To the users and occupants of the AD Building,
A planned interruption of the main ventilation system  is SCHEDULED for Thursday, 2024-02-08 between the hours of 07:00 and 09:00.  Preventative maintenance is required to replace the filters .
Buildings
●           L- AD / Administration Building
General Information
●        An interruption will be necessary from 7am to 9 am to perform general maintenance on filters and belts on the main ventilation system
We thank you for your understanding.
Property Management
Facilities Management
",http://www.concordia.ca/content/shared/en/news/offices/vpss/facilities/2024/02/06/ventilation.html
01/23/24,"Hall Building (H0021): Construction project to begin today - January 23, 2024",,[],"['H0021', 'H0021', 'H0020.', 'H0023', 'H0020']",2024-01-23,,16:00,,"['begin', 'building', 'entrance', 'loading dock', 'interior', 'mezzanine', 'noisy']",[],"
To the users and occupants of the Hall Building,
A construction project to renovate the H0021 water resource lab is set to begin today, 2024-01-23.  This project includes interior work.
Building(s)

S- H / Henry F. Hall Building

General Information
●        Work is to be done in rooms H0021 and H0020. Access to these rooms will be prohibited for the duration of the construction work.
●        Access to the structure lab H0023 is maintained. Access to the mezzanine in H0020 will be limited to the entrance located in the loading dock.
●        Work will be typically conducted between 6:00 and 16:00. Noisy work will always be done during off hours.  
We thank you for your understanding.
Project Management
Facilities Management
",http://www.concordia.ca/content/shared/en/news/offices/vpss/facilities/2024/01/23/construction.html
01/22/24,Construction project to begin ,FC,[],[],2024-01-23,,07:00,16:00,"['begin', 'roof', 'building', 'exterior', 'noise']","['L-FC / FC - Loyola Chapel', 'The project will take place on the roof of the pathway connecting the AD and FC Buildings.', 'The project will not cause any disruption to the normal operation of the AD and FC Buildings.', 'Although most work is external, occasional construction noise may be heard within both the AD and FC Buildings.', 'Any change to the current plan will be communicated in a timely manner.']","
 
To the users and occupants of the FC Building,
 
A construction project to replace the roof of the FC Building is set to begin on Tuesday, 2024-01-23. The project includes exterior work. This communication explicitly addresses the exterior work which is anticipated to be completed by the end of February 2024, although this timeline is subject to weather conditions. Construction activities for the exterior will typically occur between 07:00 and 16:00.
Buildings

L-AD / AD - Administration Building
L-FC / FC - Loyola Chapel

       
General Information

The project will take place on the roof of the pathway connecting the AD and FC Buildings.
The project will not cause any disruption to the normal operation of the AD and FC Buildings.
Although most work is external, occasional construction noise may be heard within both the AD and FC Buildings.
Any change to the current plan will be communicated in a timely manner.


We thank you for your understanding.
 
Project Management
Concordia University
",http://www.concordia.ca/content/shared/en/news/offices/vpss/facilities/2024/01/220/Construction.html
01/19/24,Construction project to begin ,H,"['H4', 'H7', 'H4', 'H2', 'H4', 'H7', 'H2', 'H0', 'H00', 'H0', 'H1', 'H2', 'H3']",[],2024-02-05,,,,"['begin', 'terrace', 'building', 'interior', 'exterior', 'staircase']","['rearrangements around the new staircase in H4 to H7;', 'repair of the terrace at H2;', 'new retention basin and new H0 diesel tank room; ', 'related work outside, at H00, H0, H1, H2, H3, for the completion of the project. ']","
To the users and occupants of the Hall Building,

A construction project for the addition of a new exit staircase at the Hall Building is set to begin on Monday, 2024-02-05. This project includes both interior and exterior work.
Buildings
●       S- Hall / Henry F. Hall Building
General Information

the addition of an interior exit staircase between floors H4 and H7 and exterior between floors H4 and H2; 
rearrangements around the new staircase in H4 to H7;
repair of the terrace at H2;
new retention basin and new H0 diesel tank room; 
related work outside, at H00, H0, H1, H2, H3, for the completion of the project. 

We thank you for your understanding.
Project Management
Facilities Management

",http://www.concordia.ca/content/shared/en/news/offices/vpss/facilities/2024/01/19/construction.html
01/10/24,Construction project to replace roof ,AD,[],[],2024-01-11,,07:00,16:00,"['commence', 'begin', 'start', 'roof', 'building', 'entrance', 'interior', 'exterior', 'corridor', 'noise', 'west', 'lobby']","['\xa0The project will take place on the 2nd floor of the AD building, in the 220 area (security office).\xa0', '\xa0The execution of this project is planned to avoid any disruption to the normal operation of the AD building on all floors.', '\xa0The work site setup will extend into but not block access in the AD corridors 290-1 (main entrance lobby) and 299-20 (west wing corridor).', '\xa0While most work is contained, occasional construction noise will be heard.']","
To the users and occupants of the AD Building,

Construction work in AD 220 which was initially to start next week will begin demolition starting Thursday, 2024-01-11. Completion is expected by February 2024, with construction activities typically occurring between 07:00 and 16:00.
This notice specifically addresses the interior work in AD 220 and serves as a supplement to the notice sent on December 18, 2023, about the commencement of work on the AD 4th floor. An updated schedule for the exterior work (roof replacement) will be communicated at a later date.
Buildings

 L-AD / AD - Administration building       


General Information

 The project will take place on the 2nd floor of the AD building, in the 220 area (security office). 


 The execution of this project is planned to avoid any disruption to the normal operation of the AD building on all floors.


 The work site setup will extend into but not block access in the AD corridors 290-1 (main entrance lobby) and 299-20 (west wing corridor).


 While most work is contained, occasional construction noise will be heard.

We thank you for your understanding.
Project Management
Facilities Management
",http://www.concordia.ca/content/shared/en/news/offices/vpss/facilities/2024/01/10/construction.html
03/07/24,Interruption of the DP,H,"['DP-18', 'H1']",[],2024-03-08,,06:30,08:00,"['building', 'loading dock']",[],"
To the users and occupants of the Hall Building,
A planned interruption of the Electrical Panel DP-18 is SCHEDULED for Friday, 2024-03-08, between the hours of 06:30 and 08:00. Repairs are required to make connections for the new H1 washroom electrical panel in the context of project 22-062.

Building
        • S- H / Henry F. Hall Building

General Information
        • This shutdown will affect the waste compactor and the Mobile TV in the Hall                   Building loading dock area.
        • All normal operations of the Hall Building will be maintained.
 
We thank you for your understanding.
Project Management
Facilities Management
",http://www.concordia.ca/content/shared/en/news/offices/vpss/facilities/2024/03/07/electrical.html
03/05/24,"Minor exploratory inspection of basement level floors A, B and C ",FG,[],[],2024-03-07,2024-03-12,05:00,14:00,"['begin', 'building']","['Floors: Basement levels A, B & C', 'Daily activities of the building will not be disturbed.', 'The users of the building will be given access at all times.', None]","
To the users and occupants of the FG Building,
A planned inspection with exploratory opening of the floors, walls, and ceilings are SCHEDULED to begin on Thursday, 2024-03-07 to Tuesday, 2024-03-12, between the hours of 05:00 and 14:00. This work is to support the design of project 21-026 FG Basement Classrooms Renovation.
Building

S- FG / Faubourg Sainte-Catherine Building
Floors: Basement levels A, B & C

General Information

Daily activities of the building will not be disturbed.
The users of the building will be given access at all times.
This intervention has been coordinated with the users of the space.
 

We thank you for your understanding.
Project Management
Facilities Management
",http://www.concordia.ca/content/shared/en/news/offices/vpss/facilities/2024/03/050/Inspection.html
03/05/24,Exploratory openings of washrooms to be continued ,H,"['H9', 'H10', 'H11', 'H12']","['H802', 'H801', 'H804', 'H1192', 'H1104', 'H0050', 'H0050', 'H0053', 'H053']",2024-03-04,,06:00,14:00,"['commence', 'building', 'closed']",[],"
To the users and occupants of the Hall Building,

The continuation of exploratory openings of washroom ceilings that commenced and was SCHEDULED on Monday, 2024-03-04, will continue this week between the hours of 06:00 and 14:00. Exploratory openings of washroom ceilings are required to allow the professionals to complete surveys in the future for project 22-064 .
Building
●        S- H / Henry F. Hall Building
 
General Information
  
●        Public Washrooms in H9, H10, H11 and H12 are now all fully reopened .
●        Washrooms H802 and H801 will be reopened on March 5th 2024.
●        Washrooms H804, H1192, H1104 will be closed from March 5th to March 6th 2024 inclusively.
●        H0050-3 and H0050-5 to be closed from March 6th 2024 to March 7th 2024 in the early morning.
●        H0053-1 and H053 to be closed from March 8th 2024 to March 11th 2024. 

We thank you for your understanding.
 
Project Management
Facilities Management
",http://www.concordia.ca/content/shared/en/news/offices/vpss/facilities/2024/03/05/construction.html
03/04/24,Construction project to replace roof ,PB,[],[],2024-03-05,,07:00,16:00,"['begin', 'roof', 'parking', 'building', 'exterior', 'noise']","['Maintenance staff access to the PB building will remain unaffected throughout the construction period.', 'A security perimeter will be established around the building using protective fencing.', 'Construction noise from the work site may be heard and potentially disruptive to the nearby pavilions.', 'During the project execution, some parking spaces will be unavailable. Coordination with the parking service will be undertaken.']","
To the users and occupants of the PB Building,
The construction project “22-009, ""PB Replace Roof"" is set to begin on Tuesday, 2024-03-05. We anticipate completing the project by the end of March 2024, although this timeline is subject to weather conditions. Construction activities for the exterior work will take place daily between the hours of 07:00 and 16:00.
Building

L- PB Building

General Information

Maintenance staff access to the PB building will remain unaffected throughout the construction period.
A security perimeter will be established around the building using protective fencing.
Construction noise from the work site may be heard and potentially disruptive to the nearby pavilions.
During the project execution, some parking spaces will be unavailable. Coordination with the parking service will be undertaken.

We thank you for your understanding.
Project Management
Facilities Management
",http://www.concordia.ca/content/shared/en/news/offices/vpss/facilities/2024/03/040/Construction.html
03/04/24,Exploratory openings of washrooms to be continued,H,"['H9', 'H10', 'H11', 'H12']","['H802', 'H801', 'H804', 'H1192', 'H1104', 'H0050', 'H0050', 'H0053', 'H053']",2024-03-04,,06:00,14:00,"['building', 'closed']",[],"
To the users and occupants of the Hall Building,
The continuation of exploratory openings of washroom ceilings is SCHEDULED on Monday, 2024-03-04, between the hours of 06:00 and 14:00. Exploratory openings of washroom ceilings are required to allow the professionals to complete surveys in the future for project 22-064 .
Building(s)

S- H / Henry F. Hall Building

General Information
●       Public Washrooms in H9, H10, H11 and H12 are now all fully reopened .
●       Washrooms H802 and H801 will be reopened on March 5th 2024.
●       Washrooms H804, H1192, H1104 will be closed from March 5th till March 6th 2024 inclusively.
●       H0050-3 and H0050-5 to be closed from March 6th 2024 to March 7th 2024 in the early morning.
●       H0053-1 and H053 to be closed from March 8th 2024 to March 11th 2024. 
We thank you for your understanding.
Project Management
Facilities Management
",http://www.concordia.ca/content/shared/en/news/offices/vpss/facilities/2024/03/04/exploratory.html
02/26/24,Interruption of the ventilation and exhaust system ,GE,[],[],2024-02-28,,07:00,15:00,"['building', 'closed', 'out of service']","['The building will be closed to the public for the duration of the interruption.', 'Heating, ventilation, and AC will be out of service.']","
To the users and occupants of the GE Building,
A planned interruption of the ventilation and exhaust system is SCHEDULED for Wednesday, 2024-02-28, between the hours of 07:00 and 15:00.
Building

L- GE / Centre for Structural and Functional Genomics

General Information

The building will be closed to the public for the duration of the interruption.
Heating, ventilation, and AC will be out of service.

We thank you for your understanding.
Property Management
Facilities Management
",http://www.concordia.ca/content/shared/en/news/offices/vpss/facilities/2024/02/26/interruption.html
02/23/24,Construction beginning for exploratory openings of washrooms ceilings ,H,[],"['H1210', 'H1002', 'H1486', 'H1210', 'H1201', 'H1292.1', 'H1292.02', 'H1110', 'H1102', 'H1192', 'H1104', 'H1010', 'H1002', 'H1092', 'H1092', 'H1004', 'H910', 'H902', 'H904', 'H810', 'H802', 'H804', 'H772', 'H231', 'H109', 'H053', 'H0050', 'H0050', 'H0053']",2024-02-26,,05:00,17:00,"['start', 'building', 'closed']",[],"
To the users and occupants of the Hall Building,

Start of exploratory openings of washrooms ceilings is SCHEDULED on Monday, 2024-02-26, between the hours of 05:00 and 17:00. Exploratory openings of washrooms ceilings are required to allow the professionals to complete surveys in the future for project 22-064 .
Building

S- H / Henry F. Hall Building

General Information
●       Public Washrooms H1210 and H1002 will be closed on Monday February 26 2024.
●       The washrooms where exploratory openings will occur are the following: H1486, H1210, H1201-1202, H1292.1, H1292.02, H1110, H1102, H1192, H1104, H1010, H1002, H1092-1, H1092-2, H1004, H910, H902, H904, H810, H802, H804, H772, H231, H109, H053, H0050-3, H0050-5, H0053-1.
●       Signs will be posted on washrooms when they are closed.
●       Work is planned until mid-March 2024.
We thank you for your understanding.
Project Management
Facilities Management
",http://www.concordia.ca/content/shared/en/news/offices/vpss/facilities/2024/02/23/construction.html
02/23/24,Interruption of electrical panel ,H,[],"['H019', 'H0023']",2024-02-27,,07:00,08:00,"['building', 'loading dock']",['The crane and Monorail in the H0023 and loading dock will be offline during this interruption.'],"

To the users and occupants of the Hall Building,
A planned interruption of the 600V electrical panel (MCC-SBA) inside H019 is SCHEDULED for Tuesday, 2024-02-27, between the hours of 07:00 and 08:00. This interruption is required to allow the contractor to unplug an extension cord for project 22-062.
Building

S- H / Henry F. Hall Building
        


General Information
  

The crane and Monorail in the H0023 and loading dock will be offline during this interruption.


We thank you for your understanding.

Project Management
Facilities Management
 
 
 
 
",http://www.concordia.ca/content/shared/en/news/offices/vpss/facilities/2024/02/23/Electrical.html
02/21/24,Parking closure level S2 to S7 ,FB,"['S2', 'S7']",[],2024-02-27,2024-02-29,08:00,17:00,"['parking', 'building', 'closed']",[],"
To the users and occupants of the FB Building,
 
Painting work is SCHEDULED to take place from Tuesday, 2024-02-27 until Thursday, 2024-02-29, between the hours of 08:00 to 17:00.

Building
        • S- FB / Faubourg Tower
        • Levels S2 to S7 parking

General Information
        • Parking areas will be closed during this period.
        • A slight odour is possible.
        • This work has been coordinated with parking services.

We thank you for your understanding.
Project Management
Facilities Management
",http://www.concordia.ca/content/shared/en/news/offices/vpss/facilities/2024/02/21/Painting.html
02/21/24,Interruption of Escalator 2 ,EV,['S2'],[],2024-02-19,2024-03-19,,,"['escalator', 'building']",['Please use the stairs or elevators for access.'],"

To the users and occupants of the EV Building,

An unplanned interruption of the S-EV Escalator 2 from 1 to S2 is currently UNDERWAY from Monday, 2024-02-19 until Tuesday, 2024-03-19. Corrective maintenance is required to ensure that the escalator is working at optimal performance.
 
Building
 

S- EV / Engr, Comp. Sci. & Visual Arts Complex

 
General Information
 

Please use the stairs or elevators for access.

 
We thank you for your understanding.
 
Property Management
Facilities Management
",http://www.concordia.ca/content/shared/en/news/offices/vpss/facilities/2024/02/21/Electrical.html
